SUM of funding_total_usd,,status,,,,
country_code,region,acquired,closed,ipo,operating,Grand Total
,,3255246171,10204028642,6213835295,37438718622,57111828730
 Total,,3255246171,10204028642,6213835295,37438718622,57111828730
ALB,Tirana,,,,276744.1287,276744.1287
ALB Total,,,,,276744.1287,276744.1287
ARE,Abu Dhabi,,,,826250000,826250000
ARE,Dubai,32710000,635000,,710624065,743969065
ARE Total,,32710000,635000,,1536874065,1570219065
ARG,,,20000,,40000,60000
ARG,ARG - Other,,,,33356766,33356766
ARG,Buenos Aires,1250000,11538062,28000000,259993615,300781677
ARG,"Cordoba, ARG",143083,,,2353963,2497046
ARG,"Mendoza, ARG",25620000,,,40000,25660000
ARG Total,,27013083,11558062,28000000,295784344,362355489
ARM,ARM - Other,,,,200000,200000
ARM,Yerevan,,,,26617500,26617500
ARM Total,,,,,26817500,26817500
AUS,,,29000,20000000,37074398.97,57103398.97
AUS,Adelaide,,,,55818122.26,55818122.26
AUS,AUS - Other,0,10091900,8530000,138575685.3,157197585.3
AUS,Balmain,,98000,,4600000,4698000
AUS,Brisbane,1400000,1980218.933,,165119515.4,168499734.4
AUS,Burleigh Heads,,,,382106890,382106890
AUS,Camberwell South,,,,25500000,25500000
AUS,Canberra,,,,20918307,20918307
AUS,Eight Mile Plains,,,,1813760,1813760
AUS,Fyshwick,,1850000,,,1850000
AUS,Hobart Town,,25000000,,1300000,26300000
AUS,Melbourne,14200000,42478218,64964701.18,254184430.1,375827349.3
AUS,Mulgrave,,,,80000000,80000000
AUS,Perth,,198232082,16694243,115598972.9,330525297.9
AUS,South Grafton,,,,1800000,1800000
AUS,Sydney,43516004.79,88130139,800303686.8,1189604375,2121554206
AUS,Tasmania,,,,12700000,12700000
AUS,Victoria,,20000,,1030000,1050000
AUS,Waterloo,,,,2714506,2714506
AUS,West End,11240000,,,19615,11259615
AUS Total,,70356004.79,367909557.9,910492631,2490478578,3839236772
AUT,,,,,4139999,4139999
AUT,AUT - Other,214185,10801156,149938635,59662880.63,220616856.6
AUT,Brunn Am Gebirge,,,,1449360,1449360
AUT,Dornbirn,,,,1521189,1521189
AUT,Graz,4890000,353586.5347,,25400621.78,30644208.32
AUT,Innsbruck,,,,19034616,19034616
AUT,Linz,,259989,,1520440,1780429
AUT,Salzburg,,,,386881,386881
AUT,Vienna,72171304,56107339.01,120000000,313977280.8,562255923.8
AUT Total,,77275489,67522070.54,269938635,427093268.2,841829462.7
AZE,AZE - Other,,,,164000,164000
AZE,Baku,,,,210000,210000
AZE Total,,,,,374000,374000
BAH,Bahamas,,,,1200000,1200000
BAH,BHS - Other,,,,8900000,8900000
BAH Total,,,,,10100000,10100000
BEL,,,66230,,11129150,11195380
BEL,Antwerp,7484035,733615,,32751215.97,40968865.97
BEL,BEL - Other,221434158.9,40002320.82,186036236,174216201.4,621688917
BEL,Brussels,261146364.7,15099978,152316269.8,565782773.2,994345385.7
BEL Total,,490064558.5,55902143.82,338352505.8,783879340.5,1668198549
BGD,Dhaka,,,,8441208,8441208
BGD Total,,,,,8441208,8441208
BGR,,,,,1455732.914,1455732.914
BGR,BGR - Other,150000,,,193939.3704,343939.3704
BGR,Sofia,65853,1045224,,24845952.02,25957029.02
BGR Total,,215853,1045224,,26495624.3,27756701.3
BHR,Bahrain,,0,,776269,776269
BHR Total,,,0,,776269,776269
BLM,BLM - Other,,350000,,,350000
BLM Total,,,350000,,,350000
BLR,Minsk,,90000,,90000,180000
BLR Total,,,90000,,90000,180000
BLZ,Belize,,,,4299,4299
BLZ,BLZ - Other,,,,196615,196615
BLZ Total,,,,,200914,200914
BMU,Bermuda,0,,220800000,757016000,977816000
BMU Total,,0,,220800000,757016000,977816000
BRA,,,169000,,39624390.24,39793390.24
BRA,BRA - Other,375000,57233327,,394981541,452589868
BRA,Brasilia,200000,,,1682562,1882562
BRA,Campinas,,0,,407956,407956
BRA,Curitiba,0,10000,,4107615.428,4117615.428
BRA,Fortaleza,,,,9292314.052,9292314.052
BRA,ItÃ¡,606672,,,76527405,77134077
BRA,Manaus,,,,50000,50000
BRA,Porto Alegre,,17376608,,43080143.8,60456751.8
BRA,Recife,,60000,,1378192,1438192
BRA,Rio de Janeiro,0,2825000,23000000,953133100.2,978958100.2
BRA,Sao Paulo,310601500,48069143.82,,1963778824,2322449468
BRA Total,,311783172,125743078.8,23000000,3488044043,3948570294
BRB,BRB - Other,,,,1500000,1500000
BRB Total,,,,,1500000,1500000
BRN,,,,,0,0
BRN Total,,,,,0,0
BWA,,,,,2270352,2270352
BWA,BWA - Other,,,,1000,1000
BWA Total,,,,,2271352,2271352
CAN,,0,,37400000,19875063,57275063
CAN,AB - Other,,,,22351000,22351000
CAN,Abbotsford,,,,9911648,9911648
CAN,BC - Other,,,,53460418.66,53460418.66
CAN,Boisbriand,,,,0,0
CAN,Brossard,36893203,,,12100000,48993203
CAN,Burnaby,118314285,44125227,34080307.9,390228979.3,586748799.2
CAN,Calgary,6261912,260486320.9,409002533,1034807673,1710558439
CAN,CAN - Other,,,,0,0
CAN,Charlottetown,,4000000,,4040690,8040690
CAN,Dartmouth,,,,45010321.16,45010321.16
CAN,Delta,,1125080,,667500,1792580
CAN,Dorval,,13410000,,151000000,164410000
CAN,Edmonton,3400000,94648791,,63287285,161336076
CAN,Etobicoke,0,,,0,0
CAN,Fort Saskatchewan,,,,200000,200000
CAN,Fredericton,12811619,,,4388754,17200373
CAN,Gatineau,477000,,,10772477.95,11249477.95
CAN,Halifax,1700000,532076,19183607,118038084,139453767
CAN,Kanata,77194493.79,,,11064997.95,88259491.74
CAN,Kelowna,750000,,,9918200,10668200
CAN,Lachine,,,,1000000,1000000
CAN,Levis,,,,0,0
CAN,London,,153553,,3948978,4102531
CAN,Maple Ridge,,,,0,0
CAN,MB - Other,,,,5000,5000
CAN,Moncton,,3396991,5000000,20415656,28812647
CAN,Montreal,399115637.8,73054845.38,411100000,1269624530,2152895013
CAN,NB - Other,,,,160260750,160260750
CAN,New Westminster,5639000,,,,5639000
CAN,NL - Other,,,,0,0
CAN,NS - Other,,,,70065742,70065742
CAN,ON - Other,486887000,,668421,21210000,508765421
CAN,Ottawa,247890605,146259849.6,189274740,588130511.3,1171555706
CAN,QC - Other,,11926065,32600000,2199279.132,46725344.13
CAN,Quebec City,158261598.7,130221122.1,13962782,337069392.3,639514895.1
CAN,Red Deer,,,,1140000,1140000
CAN,Saint-laurent,,,,12150000,12150000
CAN,Saskatoon,,3000000,,21088110.51,24088110.51
CAN,Sherwood Park,,,,2276900,2276900
CAN,SK - Other,,,,81000000,81000000
CAN,Spruce Grove,,240000000,,,240000000
CAN,St. John's,,65543179,17000000,15321378,97864557
CAN,Surrey,,,,20395000,20395000
CAN,Thunder Bay,,,,6038816,6038816
CAN,Toronto,582981193.4,533457499,1679062961,4466380541,7261882195
CAN,Vancouver,266767086,280840637,483130166.4,1492524803,2523262692
CAN,Westmount,,,180000000,3381360,183381360
CAN,Windsor,,,,35000,35000
CAN,Winnipeg,24000000,6440458.054,,14458420.78,44898878.84
CAN Total,,2429344634,1912621694,3511465519,10571243260,18424675107
CHE,,90505207,,,27193359,117698566
CHE,Baar,,,,2254193,2254193
CHE,Basel,112000000,68903320.43,60680000,123495989.2,365079309.6
CHE,Bern,,,,911000,911000
CHE,CHE - Other,150000000,100812990,44566724,340076382.9,635456096.9
CHE,Chiasso,,,,11691273,11691273
CHE,Dubendorf,95470000,,,39498956.37,134968956.4
CHE,Ecublens,,37500000,,12779871,50279871
CHE,Fribourg,,,,4738685,4738685
CHE,Geneva,96361798,15885800,302842048,553641731,968731377
CHE,Glattbrugg,,,,385000,385000
CHE,Herisau,,,,250000,250000
CHE,Lausanne,19000000,17900000,321184551,367682253.9,725766804.9
CHE,Lugano,,,,7775740,7775740
CHE,Luzern,,,,2600477,2600477
CHE,Nyon,,,,26100000,26100000
CHE,Reinach,,,,53500000,53500000
CHE,Sarnen,,,,0,0
CHE,Schlieren,31650333.33,,,17974280,49624613.33
CHE,Steinhausen,,0,,300000,300000
CHE,Vevey,2970000,,,,2970000
CHE,Wollerau,,,,0,0
CHE,Yverdon-les-bains,,,,10150780,10150780
CHE,Zurich,273520000,1260000,504642454,388621158.8,1168043613
CHE Total,,871477338.3,242262110.4,1233915777,1991621130,4339276356
CHL,,,,,165000,165000
CHL,CHL - Other,25000,,,120000,145000
CHL,Santiago,560000,6365393,,53985958,60911351
CHL Total,,585000,6365393,,54270958,61221351
CHN,,92020000,235000000,92800000,10805077444,11224897444
CHN,Beijing,487864003,75170000,3676721721,21337005973,25576761697
CHN,Chengdu,,,,214089031,214089031
CHN,CHN - Other,122000000,4605000,2155780000,4289830675,6572215675
CHN,Chongqing,,0,,10200956,10200956
CHN,Foshan,,,,40000000,40000000
CHN,Fuzhou Shi,43500000,,0,28000000,71500000
CHN,Guangdong,,64998150,80000000,3239344,148237494
CHN,Guangzhou,30000000,27200000,90430000,884066693,1031696693
CHN,Hainan,,,,8000000,8000000
CHN,Hangzhou,950000000,9400000,4816000000,1169062713,6944462713
CHN,Harbin,,,4999994,0,4999994
CHN,Hefei,,,,6157940,6157940
CHN,Jinan,,,,12200000,12200000
CHN,Kunshan,,,,14846285,14846285
CHN,Nanjing,,60060000,5325000000,155794219,5540854219
CHN,Shandong,,,,18100000,18100000
CHN,Shanghai,2508344271,464145000,1600150000,9506052732,14078692003
CHN,Shenyang,,10200000,,57000000,67200000
CHN,Shenzhen,38690547,31100000,604121602,2093521705,2767433854
CHN,Taiwan,,,,106974999,106974999
CHN,Tianjin,,6407000,,79450000,85857000
CHN,Wuhan,,22392121,,47892287,70284408
CHN,Wuxi,,,,70000000,70000000
CHN,Xiamen,,16674,,102944709,102961383
CHN,Zhengzhou,,,,20422289,20422289
CHN,Zhuhai,,,,894519719,894519719
CHN Total,,4272418821,1010693945,18446003317,51974449713,75703565796
CIV,CIV - Other,,,,120000,120000
CIV Total,,,,,120000,120000
CMR,,,,,355000,355000
CMR,CMR - Other,,0,,4561,4561
CMR Total,,,0,,359561,359561
COL,Bogota,0,150199,,108379614,108529813
COL,COL - Other,,,,824511,824511
COL,Medellin,,,,1766166,1766166
COL Total,,0,150199,,110970291,111120490
CRI,Costa Rica,,350000,,227020,577020
CRI,CRI - Other,,,,905000,905000
CRI Total,,,350000,,1132020,1482020
CYM,,,,,22250000,22250000
CYM,Cayman Islands,,,,134182857,134182857
CYM Total,,,,,156432857,156432857
CYP,,,,,10000,10000
CYP,CYP - Other,,,,2513007,2513007
CYP,Cyprus,,,,83883417,83883417
CYP Total,,,,,86406424,86406424
CZE,,,120000,,3040100,3160100
CZE,CZE - Other,,253000,,489706.5467,742706.5467
CZE,Prague,1400000,9743966,20000000,258390295,289534261
CZE Total,,1400000,10116966,20000000,261920101.5,293437067.5
DEU,,57141925,,,75210514.48,132352439.5
DEU,Aachen,,,,78828017,78828017
DEU,Augsburg,,,,220000,220000
DEU,Berlin,104612223.9,6873090,1119500000,1494155860,2725141174
DEU,Bielefeld,,197597,,5647230,5844827
DEU,Bochum,,,,798000,798000
DEU,Bonn,0,,,14502122.05,14502122.05
DEU,Braunschweig,,,,3164760,3164760
DEU,Bremen,816000,,,0,816000
DEU,Chemnitz,,0,,620000,620000
DEU,Cologne,52747800,5946633.222,0,171274135.5,229968568.7
DEU,DEU - Other,108531257,65990984.89,126000000,1111105755,1411627996
DEU,Dortmund,,10822832,,29552080,40374912
DEU,Dresden,32466630,,,280802422.3,313269052.3
DEU,Dusseldrof,0,2638000,,214645009.6,217283009.6
DEU,Erlangen,,888840,,1832130,2720970
DEU,Essen,,,,20537410,20537410
DEU,Frankfurt,67667513,6628775,198582869,626596102.8,899475259.8
DEU,Freiburg,,381000,,26230741.94,26611741.94
DEU,Garbsen,0,,,,0
DEU,Garching Bei Munchen,,,,4650240,4650240
DEU,Gilching,,,,200000,200000
DEU,Halle An Der Saale,,,73422000,0,73422000
DEU,Halle-neustadt,,,,33127200,33127200
DEU,Hamburg,36101124,15691750,6844560,1044806195,1103443629
DEU,Hanover,,710760,,45176102,45886862
DEU,Heilbronn,,,,7696120,7696120
DEU,Herzogenaurach,,0,,,0
DEU,Homburg,,,106185472,,106185472
DEU,Ismaning,,,,8400000,8400000
DEU,Jena,799000,14121023.27,,18540000,33460023.27
DEU,Kassel,,,,5854475,5854475
DEU,Kolbermoor,,,,0,0
DEU,Landshut,,,,2580000,2580000
DEU,Leipzig,,,,18962674,18962674
DEU,Leonberg,,,,62000,62000
DEU,Magdeburg,,,,19682075,19682075
DEU,Mannheim,12921240,,,0,12921240
DEU,Martinsried,8067308,,,25527601.46,33594909.46
DEU,Monheim,,,,7018900,7018900
DEU,Muenchen,,,0,,0
DEU,Munich,274420840.5,56040202,128245758,642348656.5,1101055457
DEU,Munster,,81672000,,,81672000
DEU,Nuremberg,89500000,37800000,,2296575,129596575
DEU,Oberhaching,,,,40693678.93,40693678.93
DEU,Osnabruck,,,,643300,643300
DEU,Passau,,,,2460000,2460000
DEU,Regensburg,3239000,,,134677004,137916004
DEU,Rostock,,,,223273320,223273320
DEU,Saarbrucken,,,,0,0
DEU,Starnberg,,238660,,16627898.22,16866558.22
DEU,Stuttgart,22802868.42,0,10000000,559125760,591928628.4
DEU,Ulm,,,,0,0
DEU,Unterhaching,50326957,,,0,50326957
DEU,Wetzlar,,,,27181,27181
DEU Total,,922161686.8,306642147.4,1768780659,7020179246,10017763739
DMA,DMA - Other,,,,100000,100000
DMA Total,,,,,100000,100000
DNK,,12543000,25000,,45394042,57962042
DNK,Aalborg,,,,1907454,1907454
DNK,Aarhus,,0,,24124133.7,24124133.7
DNK,AllerÃ¸d,,33458281,,0,33458281
DNK,Ballerup,,14330000,,6984826,21314826
DNK,Copenhagen,45609503,10388598.55,18451025,768897300.6,843346427.1
DNK,DNK - Other,27739937.01,4330000,27600000,56180318.98,115850256
DNK,Farum,,,,0,0
DNK,Frederiksberg,,,,6594905,6594905
DNK,HÃ¸rsholm,42000735.31,6340000,,2799762.119,51140497.43
DNK,Hellerup,,,,0,0
DNK,Herlev,,,,4107638,4107638
DNK,Kolding,,,,300000,300000
DNK,Lyngby,,,,505444228.8,505444228.8
DNK,Odense,2410000,,,3361611.721,5771611.721
DNK,Taastrup,,,,27000000,27000000
DNK,Valby,,,,2856920,2856920
DNK,Vejle,,,,12147825,12147825
DNK Total,,130303175.3,68871879.55,46051025,1468100966,1713327046
DOM,,,,,0,0
DOM,DOM - Other,,,,288598,288598
DOM Total,,,,,288598,288598
DZA,DZA - Other,,,,378812,378812
DZA Total,,,,,378812,378812
ECU,ECU - Other,,,,1341386,1341386
ECU,Guayaquil,,,,75000,75000
ECU,Quito,,,,255213,255213
ECU Total,,,,,1671599,1671599
EGY,,,,,74031387.02,74031387.02
EGY,Alexandria,,,,2020000,2020000
EGY,Cairo,,,,323395000,323395000
EGY,EGY - Other,,,,102445000,102445000
EGY Total,,,,,501891387,501891387
ESP,,,2118302,,6839509.213,8957811.213
ESP,A Coruna,,,,5294191,5294191
ESP,Albacete,,,,533920,533920
ESP,Alcorcon,,,,2903873,2903873
ESP,Alcoy,,,,270100,270100
ESP,Alicante,,,,2586900,2586900
ESP,Almeria,,,,108000,108000
ESP,Baracaldo,,,,0,0
ESP,Barcelona,168998307.5,27392836,,2595486111,2791877255
ESP,Bilbao,,835125,,49795214.46,50630339.46
ESP,Bormujos,,,,1215385,1215385
ESP,CÃ¡ceres,,885000,,,885000
ESP,Cadiz,,446000,,67983,513983
ESP,Castelldefels,,,,250611,250611
ESP,Cordoba,,,,370501.7425,370501.7425
ESP,Elche,,1320474.843,,0,1320474.843
ESP,ESP - Other,0,0,,80393260.44,80393260.44
ESP,Girona,153439,6000000,,495844,6649283
ESP,Granada,,,,11884999,11884999
ESP,Igualada,,,,650100,650100
ESP,Las Palmas De Gran Canaria,,,,761234.4732,761234.4732
ESP,Leganes,,6192900,,,6192900
ESP,Leon,,,,0,0
ESP,Logrono,,37484,,855213,892697
ESP,Madrid,62784710.66,188496366.1,846000008,508318521.3,1605599606
ESP,Malaga,,1550000,,9443380,10993380
ESP,Marbella,,148600,,,148600
ESP,Murcia,,,,4450000,4450000
ESP,NoÃ¡in,,,,3742337.916,3742337.916
ESP,Oviedo,,,,647567,647567
ESP,Palma De Mallorca,625000,,,51161964.46,51786964.46
ESP,Palma Del RÃ­o,,,,750000,750000
ESP,Paterna De Rivera,,,,0,0
ESP,Pozuelo De Alarcon,,2977800,,9409656,12387456
ESP,San Cristobal De La Laguna,,,,321650,321650
ESP,San SebastiÃ¡n De Los Reyes,,163524,,1948090,2111614
ESP,San Sebastian,,,,1878750,1878750
ESP,Sant Cugat Del VallÃ¨s,,,,8324455,8324455
ESP,Santa Cruz De Tenerife,,,,110000,110000
ESP,Santander,,1700000,,,1700000
ESP,Seville,6447280,,,6330523,12777803
ESP,Tarragona,,,,1427030,1427030
ESP,Terrassa,,,,1890000,1890000
ESP,Valencia,,875007,,16398582.25,17273589.25
ESP,Valladolid,,,,14043100,14043100
ESP,Zamudio,,,,119000,119000
ESP,Zaragoza,0,,,1789717,1789717
ESP Total,,239008737.2,241139419,846000008,3403267274,4729415438
EST,,,,,9643703.228,9643703.228
EST,EST - Other,,28059.0962,,34008859,34036918.1
EST,Tallinn,,9469456,,75410679.2,84880135.2
EST Total,,,9497515.096,,119063241.4,128560756.5
FIN,,,,,11909141,11909141
FIN,FIN - Other,,,,35997874,35997874
FIN,Helsinki,170741374.2,25036842.96,32585933.89,822547824.7,1050911976
FIN,JyvÃ¤skylÃ¤,,260000,,1995860,2255860
FIN,Kuopio,,,,819010,819010
FIN,Lappeenranta,,,,6669920,6669920
FIN,Oulu,3250300,,,39112802,42363102
FIN,Tampere,,0,,38223563.91,38223563.91
FIN,Turku,,9726500,,44519577.76,54246077.76
FIN,Vantaa,1651520,,,37160173.74,38811693.74
FIN Total,,175643194.2,35023342.96,32585933.89,1038955747,1282208218
FRA,,97738009.12,24454000,,287602130,409794139.1
FRA,Ã‰vry,,,,39743215,39743215
FRA,Aix-en-provence,,,234582458,14171894,248754352
FRA,Annecy,,,,2907529.149,2907529.149
FRA,Bidart,,,,3289050,3289050
FRA,Bordeaux,13708764,16781,,32185648,45911193
FRA,Boulogne,,,,575971235.3,575971235.3
FRA,Champagne-au-mont-d'or,,,,4610000,4610000
FRA,Clapiers,,,,11087820,11087820
FRA,Clermont-ferrand,,,,3940000,3940000
FRA,FRA - Other,53693060.8,26978852,384795087,655042553.8,1120509554
FRA,Gardanne,,,,0,0
FRA,Grenoble,29468580.24,2204719.201,,131353392,163026691.4
FRA,Illkirch-graffenstaden,,,,3237000,3237000
FRA,Ivry-sur-seine,1313111,,,10330000,11643111
FRA,La Rochelle,,,,2165094,2165094
FRA,LabÃ¨ge,,12386030,,158781859.3,171167889.3
FRA,Lannion,,,49463731,3100000,52563731
FRA,Le Plessis-robinson,,,,17087622,17087622
FRA,Limoges,,,,1308720,1308720
FRA,Lyon,,12380835,85919109,229032281,327332225
FRA,Malakoff,,,,5680000,5680000
FRA,Marseille,,3845800,134407592,69523894.45,207777286.4
FRA,Montpellier,6770000,455204,,57943333,65168537
FRA,Montreuil,,,,10533549,10533549
FRA,Nantes,2600000,854551.2995,,49124333,52578884.3
FRA,Neuilly-sur-seine,1770000,,,17727133,19497133
FRA,Nice,,20653146.72,,399543615,420196761.7
FRA,Orleans,,,,0,0
FRA,Orsay,,40565866.33,,7021914,47587780.33
FRA,Paris,364377264,509945694,229367793,3608447820,4712138571
FRA,Pessac,,,,1342546,1342546
FRA,Picardie,,,,75000,75000
FRA,Puteaux,10790000,,,18540000,29330000
FRA,Rennes,,,,148985484.3,148985484.3
FRA,Roubaix,,,,26061211.32,26061211.32
FRA,SÃ¨te,,,,1359200,1359200
FRA,Saint-denis-sur-loire,,,,11200000,11200000
FRA,Sophia Antipolis,,,,0,0
FRA,Strasbourg,,32000000,,11950053,43950053
FRA,Toulouse,29000000,,,9928100,38928100
FRA,Villeurbanne,1300000,,,30488,1330488
FRA Total,,612528789.2,686741479.6,1118535770,6641964717,9059770756
GBR,,724895601.3,82473263.93,179200000,1763403231,2749972096
GBR,Aberdeen,,74065397,,121158977,195224374
GBR,Alcester,,,,60358285,60358285
GBR,Aldershot,,0,,144439,144439
GBR,Alfreton,,,,31885858,31885858
GBR,Alton Barnes,,,,909150,909150
GBR,Altrincham,,,,47188241,47188241
GBR,Amersham,,301104,,0,301104
GBR,Ayr,,,,454575,454575
GBR,Banbury,,,,9798129,9798129
GBR,Bath,121810000,13724414,,38427792,173962206
GBR,Beaconsfield,,40264,,26110000,26150264
GBR,Belfast,41250000,5072706.101,,24184819,70507525.1
GBR,Bellshill,,28725004,,9076783,37801787
GBR,Binton,,253194,,1000000,1253194
GBR,Birkenhead,,,,460000,460000
GBR,Birmingham,0,1273055,,149583071.6,150856126.6
GBR,Bolton Upon Dearne,,,,9459248,9459248
GBR,Borehamwood,,,,1136438,1136438
GBR,Boston Spa,,,,1729000,1729000
GBR,Bradford,,,,24906222,24906222
GBR,Brentford,,,,33563906,33563906
GBR,Bridgend,,,,11302157.34,11302157.34
GBR,Bristol,274500000,4491713.71,,312629704.6,591621418.3
GBR,Bromborough,,,,881025,881025
GBR,Bromley,,,,248692,248692
GBR,Bromsgrove,,,,0,0
GBR,Burnley,,,,1303116,1303116
GBR,Bushey,,,,16880,16880
GBR,Caerphilly,,,,910846,910846
GBR,Camberley,,9833524,,30000000,39833524
GBR,Camborne,,,,107233329,107233329
GBR,Cannock,,,,397307,397307
GBR,Cardiff,,310473,,43257894,43568367
GBR,Carlisle,,,,805833,805833
GBR,Cheadle Hulme,,,,903234,903234
GBR,Cheltenham,,671226,,10444256,11115482
GBR,Chester,,5700000,,4249938,9949938
GBR,Cirencester,,,,11200000,11200000
GBR,City Of London,,,,370856.0583,370856.0583
GBR,Clevedon,,,,413478,413478
GBR,Coleraine,,1210000,,480737987,481947987
GBR,Corby,,,,150000,150000
GBR,Coventry,,,,69647761.26,69647761.26
GBR,Crook Of Devon,,,,3788128,3788128
GBR,Cross Hands,,,,3230000,3230000
GBR,Cwmbran,,,,441000,441000
GBR,Daresbury,,,,21279269,21279269
GBR,Darlington,,,,0,0
GBR,Derby,24500000,,,1000000,25500000
GBR,Doncaster,,0,,,0
GBR,Douglas,,,,0,0
GBR,Dundee,,,,22441291,22441291
GBR,Dunfermline,4580000,22000000,,,26580000
GBR,Durham,,1896024,,168410409.3,170306433.3
GBR,Edinburgh,14534657,56766863,,303522086.7,374823606.7
GBR,Ellesmere Port,,,,1515251,1515251
GBR,Ely,,,,2446977,2446977
GBR,Enfield Lock,,,,12660000,12660000
GBR,Exeter,,,2000000,19791048,21791048
GBR,Farnham,,,,82549,82549
GBR,Farrington Gurney,,200000,,,200000
GBR,Finchley,,,,290856,290856
GBR,Fleet,,,,0,0
GBR,Frensham,,,,4993392,4993392
GBR,Gateshead,,212361,10000000,10632379,20844740
GBR,GBR - Other,167811096,118035705.1,137750239.5,1000868390,1424465431
GBR,Glasgow,2180175,7667168.679,,207167444.4,217014788.1
GBR,Great Missenden,,,,960060,960060
GBR,Hamilton,,,,8589492,8589492
GBR,Harrogate,,640526,,5803347,6443873
GBR,Harrow On The Hill,,0,,,0
GBR,Haywards Heath,,,,38856,38856
GBR,Heathrow,,,,22625112,22625112
GBR,Henley On Thames,,,,1304187,1304187
GBR,Hereford,,0,,247761,247761
GBR,Holmes Chapel,,,,3822647,3822647
GBR,Hove,,54993,,1219093.65,1274086.65
GBR,Huddersfield,,,,13829614,13829614
GBR,Hungerford,,,,0,0
GBR,Ilford,0,,,,0
GBR,Kent,,3012255,,343566818,346579073
GBR,Kingston Upon Thames,,,,5000,5000
GBR,Knutsford,,,,1809695,1809695
GBR,Lancaster,,,,2082674,2082674
GBR,Leamington Spa,,120794,341000,,461794
GBR,Leeds,3733502.585,1096154.655,,20246433,25076090.24
GBR,Leicester,,16090,,250000,266090
GBR,Linlithgow,,,,4260502,4260502
GBR,Liverpool,0,4105835,,43970122,48075957
GBR,Livingston,,13500000,,85480234.76,98980234.76
GBR,London,2500838398,1988570976,1932186481,15915884264,22337480120
GBR,Loughborough,,,166570000,27305899,193875899
GBR,Lymington,,32155,,,32155
GBR,Macclesfield,,,2675263,15803884,18479147
GBR,Malvern Wells,,,,2506123,2506123
GBR,Manchester,3137231,41663000,,256901201.6,301701432.6
GBR,Marlborough,,100000,,2833481,2933481
GBR,Melbourn,,,,1379972.806,1379972.806
GBR,Middlesbrough,15230,114924,,1656536,1786690
GBR,New York City,,,,3500000,3500000
GBR,Newbury,9513175,120000,,37529140.28,47162315.28
GBR,Newcastle,0,1451203,,83429198.2,84880401.2
GBR,Newcastle Under Lyme,,,,170000,170000
GBR,Newport,5000000,812931,,3540000,9352931
GBR,Newton-le-willows,,,,57213284,57213284
GBR,Northampton,,,,14766577,14766577
GBR,Nottingham,87930088.06,3574280,,58043716.97,149548085
GBR,Nuneaton,,,,1500000,1500000
GBR,Oldbury,,,,10000000,10000000
GBR,Orpington,,,,10839271,10839271
GBR,Oxton,133314585,,107500000,122425262.9,363239847.9
GBR,Paignton,,,,336055,336055
GBR,Paisley,,,,5757955,5757955
GBR,Peterborough,,,,9613393,9613393
GBR,Plymouth,,,,60349700,60349700
GBR,Pontypridd,,,,513544,513544
GBR,Poole,,,,35005638,35005638
GBR,Preston,64000000,600000,,3449421,68049421
GBR,Reigate,,300000,,177897,477897
GBR,Rotherham,8039920,177000,,17157147,25374067
GBR,Royston,,,,3000000,3000000
GBR,Rugby,,,,2147000,2147000
GBR,Runcorn,,,,16485762,16485762
GBR,Salford,,4205355,,8064440,12269795
GBR,Sheffield,7273407,2875754,15152514,99408852.12,124710527.1
GBR,Sittingbourne,,18405538,,68396,18473934
GBR,Snodland,2555672,2299586,,27365118,32220376
GBR,Solihull,,,,1166969,1166969
GBR,Stafford,,,,394842,394842
GBR,Staines-upon-thames,28000000,,,932782,28932782
GBR,Stalybridge,,,,757625,757625
GBR,Stanmore,,,,780000,780000
GBR,Stirling,,,,10332595,10332595
GBR,Stockport,,,,33993664,33993664
GBR,Stockton-on-tees,,379892,,66273600,66653492
GBR,Stoke-on-trent,,,,1937261,1937261
GBR,Stourbridge,,,,296019,296019
GBR,Stratford-upon-avon,,,,103037,103037
GBR,Sunderland Bridge,,18316,,1121078,1139394
GBR,Surbiton,,,,147570,147570
GBR,Sutton Coldfield,,1906190.129,,,1906190.129
GBR,Sutton Saint James,,,,6268000,6268000
GBR,Swansea,,,,3121104,3121104
GBR,Swindon,81000000,10000000,,35073243,126073243
GBR,Taunton,,,,447000,447000
GBR,Teddington,,,,1065423,1065423
GBR,Tewkesbury,,,,17419600,17419600
GBR,Thame,,,,4531914,4531914
GBR,Trowbridge,,,,75583454,75583454
GBR,Truro,,,,58700,58700
GBR,Tunbridge Wells,,95000,,3738338,3833338
GBR,Twickenham,,7665000,,74045200,81710200
GBR,Uxbridge,,,,600000,600000
GBR,Warrington,,,,474116.5611,474116.5611
GBR,Warwick,,,,13731407.87,13731407.87
GBR,Watford,,,,78080455.77,78080455.77
GBR,Wellingborough,,,,4878762,4878762
GBR,Welwyn Garden City,26500000,7660569.142,,28958656.42,63119225.56
GBR,Wembley,,,,74743,74743
GBR,Wetherby,,,34200000,2070953,36270953
GBR,Weybridge,,,,12308243,12308243
GBR,Wilmslow,,,,333355,333355
GBR,Wimbledon,,,,30673008,30673008
GBR,Wokingham,,,,36400000,36400000
GBR,Wolverhampton,0,0,,7676298,7676298
GBR,Worcester,,,,1421849,1421849
GBR,York,,,,32048469,32048469
GBR Total,,4336912738,2550497778,2587575498,23292162042,32767148055
GEO,Tbilisi,,4229.712887,,120000,124229.7129
GEO Total,,,4229.712887,,120000,124229.7129
GGY,GGY - Other,,,,3960000,3960000
GGY Total,,,,,3960000,3960000
GHA,Accra,,30000,,31944615,31974615
GHA,GHA - Other,,,,0,0
GHA Total,,,30000,,31944615,31974615
GIB,GIB - Other,,,,34729912,34729912
GIB Total,,,,,34729912,34729912
GRC,,,,,908400,908400
GRC,Athens,861714,5719855,,16891802.41,23473371.41
GRC,GRC - Other,,,,6612277,6612277
GRC,IoÃ¡nnina,,,,20000,20000
GRC,MaroÃºli,1280000,,,,1280000
GRC,ThessalonÃ­ki,,,,900769,900769
GRC Total,,2141714,5719855,,25333248.41,33194817.41
GRD,GRD - Other,,,,750000000,750000000
GRD Total,,,,,750000000,750000000
GTM,,,,,115000,115000
GTM,Guatemala City,,47434,,663600,711034
GTM Total,,,47434,,778600,826034
HKG,,,,,25487941,25487941
HKG,Admiralty,,,804000000,41250,804041250
HKG,Causeway Bay,,,,52588928,52588928
HKG,HKG - Other,,,,14973750,14973750
HKG,Hong Kong,30000000,494241000,104088639,713338546,1341668185
HKG,Quarry Bay,,,,65000,65000
HKG,Sheung Wan,,0,,25095500,25095500
HKG,Wan Chai,,,,32423000,32423000
HKG Total,,30000000,494241000,908088639,864013915,2296343554
HND,HND - Other,,,,4500,4500
HND Total,,,,,4500,4500
HRV,HRV - Other,20000,,,,20000
HRV,Osijek,,,,30000,30000
HRV,Split,,,,114304,114304
HRV,Zagreb,,,,2815993,2815993
HRV Total,,20000,,,2960297,2980297
HUN,,,,,118071.1521,118071.1521
HUN,Budapest,80000,7080000,,33620877.89,40780877.89
HUN,HUN - Other,0,89591,,5152500,5242091
HUN Total,,80000,7169591,,38891449.04,46141040.04
IDN,,,500000,,3000000,3500000
IDN,Bekasi Kota,,,,0,0
IDN,Dki Jakarta,,100000,,72500,172500
IDN,IDN - Other,,50000,,102010000,102060000
IDN,Jakarta,,30400000,,687301185,717701185
IDN,Jakarta Pusat,,,,21315000,21315000
IDN,Surabaya,,,,1000,1000
IDN Total,,,31050000,,813699685,844749685
IND,,,53015000,,244292938,297307938
IND,Ahmedabad,10300000,12000,31000000,43200049,84512049
IND,Aurangabad,,,,0,0
IND,Bangalore,250887526,78340000,11380000,6400879121,6741486647
IND,Belgaum,,,,1330000,1330000
IND,Bhopal,,,,1600000,1600000
IND,Bhubaneswar,,,,22550000,22550000
IND,Chandigarh,,25000,,13035000,13060000
IND,Chennai,8500000,18094000,5400000,1055480875,1087474875
IND,Cochin,,,,33389886,33389886
IND,Coimbatore,,25000,,500000,525000
IND,Delhi,,110000,,182944797,183054797
IND,Ernakulam,,,,173000,173000
IND,Faridabad,,,,176605,176605
IND,Ghaziabad,,20000,,107531,127531
IND,Goa,,,,2060000,2060000
IND,Guwahati,,,,19889,19889
IND,Haryana,6000000,,,206960999,212960999
IND,Hubli,,,,100000,100000
IND,Hyderabad,10000000,17035000,267983286,777082084,1072100370
IND,IND - Other,100000000,,,318759368,418759368
IND,Indore,,,,52600000,52600000
IND,Jabalpur,,,,200000,200000
IND,Jaipur,6000000,,,111983217,117983217
IND,Jodhpur,,,,518394,518394
IND,Kanpur,,,,20000,20000
IND,Kochi,,,,24293000,24293000
IND,Kolkata,,0,,1260769050,1260769050
IND,Ludhiana,,,,5000000,5000000
IND,Madhapur,,,,1750000,1750000
IND,Madurai,,,,0,0
IND,Mangalore,,,,36000,36000
IND,Mohali,,,,12260000,12260000
IND,Mumbai,194715015,242456656,24800000,6502204718,6964176389
IND,Mysore,,,,23370000,23370000
IND,Nagpur,,,,260000,260000
IND,Nasik,,,,4010000,4010000
IND,New Delhi,113150000,96690000,55508000,8351587619,8616935619
IND,Pune,5000000,,100000,285119427.1,290219427.1
IND,Secunderabad,,,,70450000,70450000
IND,Surat,,,,100000,100000
IND,Thane,,0,,500000,500000
IND,Thiruvananthapuram,,,,6000000,6000000
IND,Thrissur,,,,75000,75000
IND,Trivandrum,60000000,,,100000,60100000
IND,Udupi,,,,0,0
IND,Vadodara,,,,1770000,1770000
IND,Vellore,,0,,171510,171510
IND,Vijayawada,,,,0,0
IND Total,,764552541,505822656,396171286,26019790077,27686336560
IRL,,,,,3932671,3932671
IRL,Blackrock,73044296.61,,,16443903,89488199.61
IRL,Cork,21479320,,,131866026,153345346
IRL,DÃºn Laoghaire,,,,23726774.09,23726774.09
IRL,Dublin,176403416.7,10128331.78,,1117908840,1304440588
IRL,Galway,1550000,15348724,,98983151,115881875
IRL,IRL - Other,1301000,3939062,105000000,508846687.7,619086749.7
IRL,Kilkenny,,,,623797,623797
IRL,Limerick,29140000,,,33833520,62973520
IRL,Sligo,,,,3905822,3905822
IRL,Tralee,,,,21705611,21705611
IRL,Wexford,,,,2500000,2500000
IRL Total,,302918033.3,29416117.78,105000000,1964276803,2401610954
IRN,IRN - Other,,,,1400000,1400000
IRN Total,,,,,1400000,1400000
ISL,ISL - Other,,,,5179256,5179256
ISL,Reyjavik,,32000,,93439462,93471462
ISL Total,,,32000,,98618718,98650718
ISR,,147000000,18000000,41400000,865294970.9,1071694971
ISR,Haifa,15700000,5000000,,73420000,94120000
ISR,ISR - Other,53740000,12230000,173726066,451205532,690901598
ISR,Jerusalem,15800000,11300000,,42100000,69200000
ISR,Netanya,111500000,77826000,33706296,973520000,1196552296
ISR,Tel Aviv,752818486,307163663,993632274,4537801362,6591415785
ISR Total,,1096558486,431519663,1242464636,6943341864,9713884649
ITA,,,,,4563114,4563114
ITA,Ancona,,,,300000,300000
ITA,Bergamo,,14841000,,129320,14970320
ITA,Bologna,9550000,56059,,4953866.039,14559925.04
ITA,Bolzano,,3611685,,133620,3745305
ITA,Brescia,,,,6982629.371,6982629.371
ITA,Cagliari,,161947,,10369681.35,10531628.35
ITA,Castelfranco Veneto,,,,52122,52122
ITA,Catania,,,,7390838,7390838
ITA,Firenze,,,,68488201,68488201
ITA,Florence,,,,9535968,9535968
ITA,ITA - Other,129590,2910620,33853354.87,98616231.38,135509796.2
ITA,Lucca,,,,661200,661200
ITA,Milan,12037486,59556009,5814700,244087182.4,321495377.4
ITA,Modena,,609932.4143,,1361505,1971437.414
ITA,Naples,6371788,,,11798361,18170149
ITA,Napoli,,,,2658860,2658860
ITA,Palermo,,928135,,1636260.817,2564395.817
ITA,Parma,,,,542944,542944
ITA,Pavia,,,,250000,250000
ITA,Pescara,,,,780000,780000
ITA,Pisa,,,,6081795,6081795
ITA,Reggio Nell Emilia,,,,1805100,1805100
ITA,Rimini,,,,169404,169404
ITA,Rome,646740,2353199.858,,474400862.7,477400802.6
ITA,Roncade,1257295,20275,,5223854,6501424
ITA,Salerno,,,,1216719.944,1216719.944
ITA,San Casciano Val Di Pesa,,,,1100000,1100000
ITA,Terni,,,,752472,752472
ITA,Trento,,,,4529673,4529673
ITA,Turin,,465240,,6000307.305,6465547.305
ITA,Venice,64795,,,15818841,15883636
ITA,Verona,,,,2777412.335,2777412.335
ITA Total,,30057694,85514102.27,39668054.87,995168345.6,1150408197
JAM,JAM - Other,,,,1050000,1050000
JAM,Kingston,,,,32000,32000
JAM Total,,,,,1082000,1082000
JEY,,,,,0,0
JEY Total,,,,,0,0
JOR,,,,,190000,190000
JOR,Amman,73535,3650000,,27367000,31090535
JOR,JOR - Other,,,,500000,500000
JOR Total,,73535,3650000,,28057000,31780535
JPN,,251340000,,66500000,96098727,413938727
JPN,Fukuoka,,,,30097,30097
JPN,JPN - Other,,109315845,30675796,927884834.9,1067876476
JPN,Kyoto,,,,1685122,1685122
JPN,Osaka,2396740,,2100000,23867769,28364509
JPN,Tokyo,170517903,17328811,578594996,2633003219,3399444929
JPN,Yokohama,,,,1262354,1262354
JPN Total,,424254643,126644656,677870792,3683832123,4912602214
KAZ,KAZ - Other,,,,11000000,11000000
KAZ Total,,,,,11000000,11000000
KEN,,,0,,54495.91281,54495.91281
KEN,KEN - Other,,,,13052000,13052000
KEN,Nairobi,,,,311991092,311991092
KEN Total,,,0,,325097587.9,325097587.9
KHM,KHM - Other,,,,30000,30000
KHM,Phnom Penh,,,,450000,450000
KHM Total,,,,,480000,480000
KNA,KNA - Other,,,,15000000,15000000
KNA Total,,,,,15000000,15000000
KOR,,,,,21988946,21988946
KOR,Bundangdong,,,0,7803115.615,7803115.615
KOR,Busan,,,,18000000,18000000
KOR,Daegu,,,,183696,183696
KOR,Daejeon,,,,6122590,6122590
KOR,Incheon,,,,260224.1822,260224.1822
KOR,KOR - Other,,88731,,32631970,32720701
KOR,Seongnam,,,,128222547,128222547
KOR,Seoul,36145222,75020000,81500000,2430673185,2623338407
KOR Total,,36145222,75108731,81500000,2645886274,2838640227
KWT,Salmiya,,,,14050000,14050000
KWT Total,,,,,14050000,14050000
LAO,LAO - Other,,,,2100000,2100000
LAO Total,,,,,2100000,2100000
LBN,,,,,150000,150000
LBN,Beirut,500000,130000,,6578000,7208000
LBN,Jounie,,,,2750000,2750000
LBN,LBN - Other,,,,80000,80000
LBN Total,,500000,130000,,9558000,10188000
LIE,LIE - Other,,5591715.976,,7663173,13254888.98
LIE Total,,,5591715.976,,7663173,13254888.98
LKA,,,,,0,0
LKA,Sri Lanka,,,,447240,447240
LKA Total,,,,,447240,447240
LTU,,,29833,,18410,48243
LTU,Kaunas,,,,48188.32145,48188.32145
LTU,LTU - Other,,1720000,,52000,1772000
LTU,Vilnius,0,65118,,93260601.35,93325719.35
LTU Total,,0,1814951,,93379199.67,95194150.67
LUX,,,39480000,,1700000,41180000
LUX,Bertrange,,,,8900000,8900000
LUX,Esch-sur-alzette,76805032,,,4459771.872,81264803.87
LUX,Leudelange,,,,7780000,7780000
LUX,LUX - Other,,0,,39686092,39686092
LUX,Luxemburg,,7450000,,693907164,701357164
LUX,Strassen,0,,,150000,150000
LUX Total,,76805032,46930000,,756583027.9,880318059.9
LVA,,,21189,,82112,103301
LVA,LVA - Other,,,,239188,239188
LVA,Riga,0,376000,,41547672.34,41923672.34
LVA Total,,0,397189,,41868972.34,42266161.34
MAF,MAF - Other,29243184.41,,,,29243184.41
MAF Total,,29243184.41,,,,29243184.41
MAR,Casablanca,,,,3200000,3200000
MAR Total,,,,,3200000,3200000
MCO,,,,,824871,824871
MCO Total,,,,,824871,824871
MDA,Chisinau,,,,19168,19168
MDA,MDA - Other,,,,79232,79232
MDA Total,,,,,98400,98400
MEX,,,25025,,1488057,1513082
MEX,Cancun,,,,1400000,1400000
MEX,Guadalajara,,70143,,282500,352643
MEX,Los Cabos,,,,15000,15000
MEX,MEX - Other,1500000,55025,,161947592,163502617
MEX,Mexico City,96690000,162325,,599330461.1,696182786.1
MEX,Monterrey,,390000,,4506389,4896389
MEX,Yucatan,,,,280000,280000
MEX Total,,98190000,702518,,769249999.1,868142517.1
MKD,Skopje,,0,,38484,38484
MKD Total,,,0,,38484,38484
MLT,,,0,,17435424,17435424
MLT,Malta,,,,2684420,2684420
MLT Total,,,0,,20119844,20119844
MMR,,,,,18405.90167,18405.90167
MMR,Yangon,,,,1000000,1000000
MMR Total,,,,,1018405.902,1018405.902
MNE,MNE - Other,,,,12200000,12200000
MNE Total,,,,,12200000,12200000
MOZ,,,,,0,0
MOZ,MOZ - Other,,,,0,0
MOZ Total,,,,,0,0
MUS,Mauritius,,,,2355357,2355357
MUS,MUS - Other,,,,365851386,365851386
MUS Total,,,,,368206743,368206743
MYS,,,,,6433333,6433333
MYS,Kuala Lumpur,72500000,1900000,,1144122786,1218522786
MYS,MYS - Other,,19679877,,30697368,50377245
MYS,Penang,,,,190000,190000
MYS Total,,72500000,21579877,,1181443487,1275523364
NGA,,,,,10000,10000
NGA,Abuja,,,,74000000,74000000
NGA,Lagos,,12105000,,182940966,195045966
NGA,NGA - Other,,840000,,152316000,153156000
NGA Total,,,12945000,,409266966,422211966
NIC,,,,,3519200,3519200
NIC Total,,,,,3519200,3519200
NLD,,11121112,,515000000,386554620.6,912675732.6
NLD,Amsterdam,128017000,41886791,102100000,1088432188,1360435979
NLD,Eindhoven,35060358,25663829.86,,77080833.2,137805021.1
NLD,Groningen,,,,6067278.869,6067278.869
NLD,NLD - Other,80000000,6402807,,272436431.8,358839238.8
NLD,Rotterdam,0,720750,63643889,19222593.91,83587232.91
NLD,The Hague,573904795,112363.3381,,1463694690,2037711848
NLD,Utrecht,267240,0,,1069243667,1069510907
NLD Total,,828370505,74786541.2,680743889,4382732304,5966633239
NOR,,,32500000,,156971494.3,189471494.3
NOR,Fornebu,,,,10763244,10763244
NOR,Kristiansand,,32540000,,85523,32625523
NOR,Lysaker,12971851.08,,,3600000,16571851.08
NOR,NOR - Other,5294000,5500000,,62856485.56,73650485.56
NOR,Oslo,40265990,20179287.79,13168035,962052013.5,1035665326
NOR,Sandnes,,,,8380000,8380000
NOR,Sandvika,,,,8871163,8871163
NOR,Skien,,,,15698768,15698768
NOR,Stavanger,,,,2713339,2713339
NOR,Tromso,,,,10494244.79,10494244.79
NOR,Trondheim,796000,,,30235835,31031835
NOR Total,,59327841.08,90719287.79,13168035,1272722110,1435937274
NPL,,,,,15000,15000
NPL,Kathmandu,,,,300000,300000
NPL Total,,,,,315000,315000
NZL,,,5100000,,5808744.205,10908744.21
NZL,Auckland,,2124950.98,70844824.89,570919160,643888935.9
NZL,Christchurch,,,,3350000,3350000
NZL,Dunedin,,,,38924,38924
NZL,NZL - Other,,500000000,6278203,22455395.29,528733598.3
NZL,Wellington,1500000,20356000,374995300,59062650.98,455913951
NZL Total,,1500000,527580951,452118327.9,661634874.5,1642834153
OMN,Muscat,,,,10000,10000
OMN Total,,,,,10000,10000
PAK,,,,,55775000,55775000
PAK,Islamabad,,106000,,42000,148000
PAK,Karachi,360000,25000,,5500,390500
PAK,Lahore,,110000,0,30608000,30718000
PAK,PAK - Other,,,,123500000,123500000
PAK Total,,360000,241000,0,209930500,210531500
PAN,Panama City,,,,19038000,19038000
PAN Total,,,,,19038000,19038000
PER,,,100000,,50000,150000
PER,Lima,,303095,,8486067,8789162
PER,PER - Other,,80000,,20208623,20288623
PER Total,,,483095,,28744690,29227785
PHL,,,,,165407000,165407000
PHL,Cebu,,,,118000,118000
PHL,Davao,,2000000,,41000,2041000
PHL,Manila,1500000,3016143,,21430000,25946143
PHL,PHL - Other,,1000,,317769742,317770742
PHL Total,,1500000,5017143,,504765742,511282885
POL,,,,,3816798,3816798
POL,Bialystok,,,,181840,181840
POL,Gdansk,,40000,,934978,974978
POL,Gdynia,,,,2743824,2743824
POL,Katowice,,,,16929067,16929067
POL,Krakow,,260000,,18379920,18639920
POL,POL - Other,,0,,889220.0213,889220.0213
POL,Poznan,,,,1888547,1888547
POL,Szczecin,,,,766579,766579
POL,Warsaw,924548.3316,562207,,100827554.6,102314310
POL,Wroclaw,,3150000,,59888774,63038774
POL Total,,924548.3316,4012207,,207247101.7,212183857
PRI,PRI - Other,,1191901,,250000,1441901
PRI,Puerto Rico,,,,58000,58000
PRI Total,,,1191901,,308000,1499901
PRT,,,,,995521,995521
PRT,Coimbra,,,,2001835,2001835
PRT,Lisbon,0,275583,,102737628.9,103013211.9
PRT,Porto,27500000,8572300,,26192941.93,62265241.93
PRT,PRT - Other,,,,13952715,13952715
PRT Total,,27500000,8847883,,145880641.9,182228524.9
PRY,PRY - Other,,,,25000,25000
PRY Total,,,,,25000,25000
PSE,,,,,20000,20000
PSE Total,,,,,20000,20000
QAT,Doha,,,,156000,156000
QAT Total,,,,,156000,156000
ROM,Bucharest,6940000,260848.8984,,14497108,21697956.9
ROM,Cluj-Napoca,,150000,,854449,1004449
ROM,Iasi,,,,4650000,4650000
ROM,ROM - Other,,7000000,,7566,7007566
ROM,Timisoara,,,,1410457,1410457
ROM Total,,6940000,7410848.898,,21419580,35770428.9
RUS,,,28853021,,28712000,57565021
RUS,Kazan,,350000,,65463,415463
RUS,Moscow,1375500000,693719092,5907700000,2916897029,10893816121
RUS,Nizhniy Novgorod,,1000000,,1079000,2079000
RUS,Novosibirsk,,362200,,4200000,4562200
RUS,Omsk,,1000000,,0,1000000
RUS,Perm,,1290000,,350000,1640000
RUS,RUS - Other,1000000,31023994,,246436931,278460925
RUS,St. Petersburg,,15740000,,23841390,39581390
RUS Total,,1376500000,773338307,5907700000,3221581813,11279120120
RWA,,,,,140000,140000
RWA,Kigali,,,,131000,131000
RWA Total,,,,,271000,271000
SAU,Jeddah,,540000,,774333,1314333
SAU,Riyadh,,300000,,243465,543465
SAU,SAU - Other,,,,500000,500000
SAU Total,,,840000,,1517798,2357798
SEN,SEN - Other,,,,2860000,2860000
SEN Total,,,,,2860000,2860000
SGP,,,,,86521436.24,86521436.24
SGP,Singapore,127604572,179273581.3,419018772,3255994034,3981890959
SGP Total,,127604572,179273581.3,419018772,3342515470,4068412395
SLV,San Salvador,,,,50000,50000
SLV,SLV - Other,,350000,,40000,390000
SLV Total,,,350000,,90000,440000
SOM,SOM - Other,,2000000,,,2000000
SOM Total,,,2000000,,,2000000
SRB,,,,,393671,393671
SRB,Belgrade,,,,5585312.595,5585312.595
SRB,SRB - Other,,,,77391.45679,77391.45679
SRB Total,,,,,6056375.052,6056375.052
SVK,,,,,3978550,3978550
SVK,Bratislava,0,53491,,6199435.229,6252926.229
SVK,Kosice,,242563,,4500000,4742563
SVK,SVK - Other,,,,354262,354262
SVK Total,,0,296054,,15032247.23,15328301.23
SVN,Ljubljana,,252040,,5586807,5838847
SVN,SVN - Other,,,,11865144,11865144
SVN Total,,,252040,,17451951,17703991
SWE,,,7090365,72861405,108306186.4,188257956.4
SWE,Danderyd,,,71779200,,71779200
SWE,Gothenburg,23180000,3758719,,177408185.2,204346904.2
SWE,Halmstad,,,,170000,170000
SWE,Jonkoping,,,,233000,233000
SWE,Karlskrona,,0,,,0
SWE,Linkoping,3283139,707000,,45076352,49066491
SWE,Lulea,,,,8186733,8186733
SWE,Malmo,19463909,9624315,10762732,443163972.9,483014928.9
SWE,Norrkoping,,,,41956500,41956500
SWE,Stockholm,140990646,171575169.1,37401486,2287508623,2637475924
SWE,Sundsvall,,,,1112000,1112000
SWE,SWE - Other,0,862446.9666,282109711,109561218.9,392533376.9
SWE,Umea,,,,2687932,2687932
SWE Total,,186917694,193618015,474914534,3225370703,4080820946
SYC,Seychelles,,35000,,,35000
SYC Total,,,35000,,,35000
TAN,,,,,3180000,3180000
TAN,TZA - Other,,2800000,,106484000,109284000
TAN Total,,,2800000,,109664000,112464000
TGO,TGO - Other,,,,285000000,285000000
TGO Total,,,,,285000000,285000000
THA,,,,,1474575,1474575
THA,Bangkok,41600000,8710000,,79579646,129889646
THA,Chiang Mai,,,,740000,740000
THA,Phuket,,,,0,0
THA,THA - Other,,,,1242414,1242414
THA Total,,41600000,8710000,,83036635,133346635
TTO,TTO - Other,0,,,10560000,10560000
TTO Total,,0,,,10560000,10560000
TUN,TUN - Other,,,,0,0
TUN,Tunis,,,,3970000,3970000
TUN Total,,,,,3970000,3970000
TUR,,,,,250000,250000
TUR,Ã‡an,64200000,13500000,,254196194,331896194
TUR,Ankara,,,,5657014,5657014
TUR,Istanbul,54727861,435000,,265075075,320237936
TUR,Izmir,,220000,,665555,885555
TUR,Konya,,500000,,,500000
TUR,TUR - Other,,,151808176,42785901,194594077
TUR Total,,118927861,14655000,151808176,568629739,854020776
TWN,,,11700,12705445,53473872,66191017
TWN,Taiwan,,30300000,0,810138372,840438372
TWN Total,,,30311700,12705445,863612244,906629389
UGA,Kampala,,120000,,5142000,5262000
UGA,UGA - Other,,,,0,0
UGA Total,,,120000,,5142000,5262000
UKR,,,,,20265,20265
UKR,Dnepropetrovsk,,,,354000,354000
UKR,Kharkov,,,,150000,150000
UKR,Kiev,,6780000,,16501000,23281000
UKR,Lviv,,,,70000,70000
UKR,Odessa,,,,740000,740000
UKR,Simferopol,,,,300000,300000
UKR,UKR - Other,,,,40461.03363,40461.03363
UKR Total,,,6780000,,18175726.03,24955726.03
URY,Montevideo,8500000,,,13010000,21510000
URY Total,,8500000,,,13010000,21510000
USA,,7390750,387775000,42658161,525565459.2,963389370.2
USA,AK - Other,,,,9450000,9450000
USA,Akron - Canton,500000,2400000,,106981659,109881659
USA,AL - Other,,245000,,14655000,14900000
USA,"Albany, Georgia",,,,12865000,12865000
USA,"Albany, New York",11240000,,,201148652,212388652
USA,Albuquerque,95950000,9148825,1204142,689065371,795368338
USA,Alexandria,116300000,24600000,56500000,266566482,463966482
USA,Allentown,44150000,70050000,6100000,97015237,217315237
USA,Anaheim,2947288224,790659338,532801020,5026161889,9296910471
USA,Anchorage,,283500,75000000,6914058,82197558
USA,AR - Other,,,,4770038,4770038
USA,Asheville,,25000,,78220587,78245587
USA,"Athens, Georgia",,,,1090000,1090000
USA,Atlanta,1644456418,431554759.7,4098554169,5328873061,11503438408
USA,Atlantic City,31121199,,,51352901,82474100
USA,"Augusta, Maine",,,,4000000,4000000
USA,Austin,3222977226,1029873334,18282814048,6862982817,29398647425
USA,AZ - Other,3500000,,,765000,4265000
USA,Bakersfield,10000000,104288800,,266230275,380519075
USA,Baltimore,973804056,80000000,173583333,2736002314,3963389703
USA,Bangor,,,,32496239,32496239
USA,Baton Rouge,3400000,9325600,,103656787,116382387
USA,Billings,,,,97200000,97200000
USA,Biloxi - Gulfport,,,,232763,232763
USA,Birmingham,42450150,35027000,44545169,229436030,351458349
USA,Bismarck,,,,12000800,12000800
USA,Boise,7750000,110000000,50410400,267121345,435281745
USA,Boston,9462051530,2143565289,14067736529,30152234530,55825587877
USA,Bowling Green,,170000,,300000,470000
USA,Bozeman,58562640,,,22963166,81525806
USA,Branson,7000000,,,4653600,11653600
USA,Buffalo,0,21215000,258426557,231309088,510950645
USA,CA - Other,44693630,197747792,65230440,1763221510,2070893372
USA,Cape Cod,8963175,410000,,166731818,176104993
USA,Carthage,,,,36665000,36665000
USA,Cedar Rapids,85000000,9805181,,177879624,272684805
USA,"Charleston, South Carolina",17841116,0,74664439,289420873,381926428
USA,"Charleston, West Virginia",2424999,,,3075573,5500572
USA,Charlotte,707265955,74950000,117374276,837437315,1737027546
USA,Chattanooga,1800000,6150000,173111,63429556,71552667
USA,Cheyenne,,,,3511556,3511556
USA,Chicago,3006889264,239455787,4941575392,9806875309,17994795752
USA,Cincinnati,56733988,8535000,156220401,530430796,751920185
USA,Cleveland,491513698,32515136,11650002,1427943725,1963622561
USA,CO - Other,,510100000,203570000,49224748,762894748
USA,Colorado Springs,14920000,22655660,,109510396,147086056
USA,"Columbia, South Carolina",,4000000,,3880900,7880900
USA,"Columbus, Georgia",,54000000,,15175345,69175345
USA,"Columbus, Ohio",9976763,83953086,1596190000,614007626,2304127475
USA,Corpus Christi,,20000000,,150000,20150000
USA,CT - Other,52000000,10900000,9750000,118865604,191515604
USA,Dallas,2893473194,514523264,1825341242,9853696839,15087034539
USA,Dayton,,,11750000,68677000,80427000
USA,Daytona Beach,9562500,,,55500000,65062500
USA,DE - Other,,,,3880000,3880000
USA,Denver,1250827089,1721492891,1717210790,5984722651,10674253421
USA,Des Moines,62675324,17400000,909832749,63489546,1053397619
USA,Detroit,408094776,151650000,1384962336,1503537104,3448244216
USA,Dover,,75000,,4710033,4785033
USA,Duluth,,6100000,,11650999,17750999
USA,El Paso,,,,35003000,35003000
USA,Elmira,38805883,3263500,,861875725,903945108
USA,Eugene,0,550000,,281738773,282288773
USA,Evansville,,,,0,0
USA,Fargo,,,,66957024,66957024
USA,Fayetteville,5588000,,,160299273,165887273
USA,FL - Other,,10112500,,52933178.28,63045678.28
USA,Flagstaff,,,,0,0
USA,Flint,,,,27874938,27874938
USA,Florida Keys,,,,205480,205480
USA,Florida's Space Coast,131600000,0,323641726,368238262,823479988
USA,Florida's Treasure Coast,7000000,58500000,,68145137,133645137
USA,Fort Collins,23300000,60000,,163813013,187173013
USA,Fort Myers,,200000,500000,402941389,403641389
USA,Fort Wayne,,,,13894093,13894093
USA,Fresno,0,50000,,15611799.97,15661799.97
USA,Ft. Lauderdale,152810000,28958198,16314793,1458302840,1656385831
USA,GA - Other,0,,,36853387.85,36853387.85
USA,Gainesville,10850000,4552414,147969779,181395081,344767274
USA,Grand Junction,0,,,31025738,31025738
USA,Grand Rapids,,4550000,,95006080,99556080
USA,Green Bay,35260000,2949596,,4891000,43100596
USA,Greensboro,,0,,162811386,162811386
USA,Greenville - Spartanburg,234073491,21490026,4290000,373881588,633735105
USA,"Greenville, North Carolina",,,,13754402,13754402
USA,Hagerstown,23260000,2600000,99051350,133840012,258751362
USA,Harlingen,,,,19962515,19962515
USA,Harrisburg,1630000,16345999,75328948,116394518,209699465
USA,Hartford,1045867371,268013315,7470942439,3663332081,12448155206
USA,Hawaii - Big Island,,,,295000,295000
USA,Helena,,,,25000000,25000000
USA,HI - Other,,,,10000,10000
USA,Hilton Head Island,,,,3569273,3569273
USA,Honolulu,,10605192,4973170,195284109,210862471
USA,Houston,1048930790,442058088,2548252617,5856686330,9895927825
USA,Huntsville,1620030,1800000,,321457230,324877260
USA,IA - Other,,4000000,75103391,27313938,106417329
USA,ID - Other,,23250000,25000000,56898815,105148815
USA,Idaho Falls,,4070000,,12759900,16829900
USA,IL - Other,85000000,5651500,,83219346,173870846
USA,IN - Other,2400000,4140000,2000000,24413691,32953691
USA,Indianapolis,293887024,40242875,318327890,978890140,1631347929
USA,Jackson,134170000,11000000,,53655000,198825000
USA,Jacksonville,717200000,19992283,379289990,442422157,1558904430
USA,Kalamazoo,250005,,,153434222,153684227
USA,Kansas City,283036298,34763000,172556628,711188280,1201544206
USA,Kauai,,,,0,0
USA,Knoxville,1150000,280000,10000000,165206949,176636949
USA,KS - Other,6500000,2450000,,173221543,182171543
USA,KY - Other,,5026500,,542703061,547729561
USA,LA - Other,24600000,,,24369500,48969500
USA,"Lafayette, Louisiana",,,16500000,147199830,163699830
USA,Lake Tahoe,,86000,,800000,886000
USA,Lansing,7500000,18789048,,23312809,49601857
USA,Las Vegas,154126927,51163364,28280497,296900182,530470970
USA,Lexington,59700,2077000,,163767730,165904430
USA,Little Rock,,49550000,4671652,92549818,146771470
USA,Long Island,512729630,18387000,326078456,461047014,1318242100
USA,Los Angeles,3606053863,1057249588,2449886812,19396050221,26509240484
USA,Louisville,85900000,37270519,,394599329.5,517769848.5
USA,Lubbock,,,,40150057,40150057
USA,MA - Other,2104250,14558160,,480411780,497074190
USA,Macon,,,,6687992,6687992
USA,Madison,239009206,11799278,62050000,617583925,930442409
USA,"Manchester, New Hampshire",317165009,144408345,98649920,1002450085,1562673359
USA,Maui,,0,1900000,1659000,3559000
USA,MD - Other,2030000,15000,95875000,44157012,142077012
USA,ME - Other,127956281,662000,,167974028,296592309
USA,Medford,100000000,,,72982614,172982614
USA,Memphis,11000000,9890300,84682455,310221146,415793901
USA,Meridian,,,,0,0
USA,MI - Other,1300000,,,57663145,58963145
USA,Miami,359490537,71382357,392400000,1332904577,2156177471
USA,Milwaukee,167750204,17196850,1904800000,405921733,2495668787
USA,Minneapolis,753822659,238920082,822971313,3550098534,5365812588
USA,Missoula,,730000,,37316120,38046120
USA,MN - Other,63326197,54540000,63479371,264726500,446072068
USA,MO - Other,,19460986,66700000,424286585,510447571
USA,Mobile,,,,8646823,8646823
USA,Moline - Davenport,,,,425000,425000
USA,Monroe,,,7999399,,7999399
USA,Monterey,,0,,50000,50000
USA,Montgomery,,,,11531116,11531116
USA,Montpelier,11077370,1250000,,61090489,73417859
USA,MS - Other,,90000,,6354236,6444236
USA,MT - Other,,28561000,,26351079,54912079
USA,Myrtle Beach,,,,26913400,26913400
USA,Napa Valley,308453854,236050100,493450270,709961867,1747916091
USA,"Naples, Florida",,142200000,,129367768,271567768
USA,Nashville,108177942,154394950,129295970,1700306170,2092175032
USA,NC - Other,,,40898708,152896488.6,193795196.6
USA,ND - Other,,,,69095029,69095029
USA,NE - Other,8697000,,,19836995,28533995
USA,New Bedford,35341046,76900000,,136543437,248784483
USA,New Orleans,,2280000,,68553935,70833935
USA,New York City,11981880504,1459493820,33938571687,31068410650,78448356661
USA,Newark,1009625429,678852896,2788066308,5673083759,10149628392
USA,NH - Other,,1500000,,25000,1525000
USA,NJ - Other,458339206,14599170,118433479,217565380,808937235
USA,NM - Other,15000000,,,5916024,20916024
USA,Norfolk - Virginia Beach,,,18000000,38705000,56705000
USA,NV - Other,,0,6000000,3110000,9110000
USA,NY - Other,20892250,9193100,30314750,260136493,320536593
USA,OH - Other,0,,12000000,30984316,42984316
USA,OK - Other,,,,18130150,18130150
USA,Oklahoma City,42500000,,,263358895,305858895
USA,Omaha,33600000,234812761.2,163789760,971550797,1403753318
USA,Ontario - Inland Empire,36222535,15165813,161307130,341583761,554279239
USA,OR - Other,,,,150000,150000
USA,"Orange County, California",273010000,64055247,3114157,868922673,1209102077
USA,Orlando,337741950,72015139,34900000,1094733315,1539390404
USA,PA - Other,114135033,,73850002,46767872,234752907
USA,Palm Beaches,137740000,144039243,905177701,918071645,2105028589
USA,Palm Springs,,248400,,6260150,6508550
USA,Panama City,,,,14184751,14184751
USA,Pensacola,20855000,,,80029052.64,100884052.6
USA,Peoria,,1125000,40000000,42435473,83560473
USA,Philadelphia,1529509227,959133864,2504827970,3549666930,8543137991
USA,Phoenix,159202624,418254265,625645974,1723548436,2926651299
USA,Pittsburgh,305158615,166324139,127685000,1826100855,2425268609
USA,"Portland, Maine",18600000,7184907,,305667870,331452777
USA,"Portland, Oregon",402391677,177063818.2,791266460,2868067172,4238789127
USA,Portsmouth,74000001,50018983,6260000,84903204,215182188
USA,Providence,181875004,8163006,107500002,617710552,915248564
USA,Raleigh,1934957979,411323487,2411614313,3029473586,7787369365
USA,Reno - Sparks,,156000000,,78255999,234255999
USA,RI - Other,,,,1350000,1350000
USA,Richmond,5449999,26325000,64990999,600414116,697180114
USA,Roanoke,21615002,92525372,344000000,144366603,602506977
USA,"Rochester, Minnesota",16000000,,,27470200,43470200
USA,"Rochester, New York",16000000,27250000,43162048,2794549466,2880961514
USA,Rockford,75000000,0,,3535000,78535000
USA,Roswell,,,,10000,10000
USA,Sacramento,193223358,22260852,230232200,744334195,1190050605
USA,Sacramento Valley,54321090,,1500000,13525436,69346526
USA,"Salem, Oregon",,0,,20417496,20417496
USA,Salisbury,,,,29410000,29410000
USA,Salt Lake City,1215480622,281452111,833264437,4098096278,6428293448
USA,San Antonio,116944611,82488944,76500000,508739002,784672557
USA,San Diego,3345716217,1706829032,4729692451,8883072077,18665309777
USA,San Luis Obispo,12400000,0,108869760,55296035,176565795
USA,Santa Barbara,614400000,34082820,406723234,1787315864,2842521918
USA,Sarasota - Bradenton,14000000,14108000,31633333,204325494,264066827
USA,Savannah,,,475000,1325000,1800000
USA,SC - Other,500000,13500000,169500000,534222970,717722970
USA,Scranton,,,,77300633,77300633
USA,SD - Other,,0,,13747281,13747281
USA,Seattle,9001713308,1471654237,3431943910,9932196063,23837507518
USA,Seminole,,,,4847000,4847000
USA,SF Bay Area,33260391880,9753740845,29834731579,123581479220,196430343524
USA,Shreveport,3000000,,,18300000,21300000
USA,Sioux Falls,,,,78574399,78574399
USA,South Bend,,50000,,125115593,125165593
USA,Spokane,147100000,350000,3200000,14966675,165616675
USA,Springfield,,,,10575000,10575000
USA,"Springfield, Illinois",43800000,10603516,,52349408,106752924
USA,St. Cloud,,57200000,,28670000,85870000
USA,St. Louis,700510516,25225000,1797265625,1217959519,3740960660
USA,State College,12000000,,,2250000,14250000
USA,Syracuse,,36000,,21808261,21844261
USA,Tallahassee,2000000,,,2558000,4558000
USA,Tampa,219599701,44380000,14050002,907519003,1185548706
USA,TN - Other,,4000000,28000000,69818311,101818311
USA,Toledo,2250000,40015000,,11956500,54221500
USA,Topeka,,,,13500000,13500000
USA,Traverse City,,,,25660036,25660036
USA,Trenton,,,,54460000,54460000
USA,Tucson,81649940,14140433,119450121,160951308,376191802
USA,Tulsa,0,1625000,79326280,379558283,460509563
USA,Tupelo,,,,5425000,5425000
USA,TX - Other,65000000,,,208800788.9,273800788.9
USA,UT - Other,,3050000,,166541471,169591471
USA,VA - Other,1400000,10000000,150000000,180614300,342014300
USA,Vail,,1900000,,8617500,10517500
USA,VT - Other,6000000,50000,37000000,238434642,281484642
USA,WA - Other,10000000,,2900000,80970203,93870203
USA,"Washington, D.C.",3740375820,496802580.3,2934816544,10474524969,17646519914
USA,WI - Other,42873000,41500000,10924534,191597854,286895388
USA,Wichita,0,,,17643892,17643892
USA,"Wilmington - Cape Fear, North Carolina",,20596287,,79677502,100273789
USA,"Wilmington, Delaware",24569323,3225000,58848823,500264216,586907362
USA,Winston-Salem,70202607,518885,155464483,49899825,276085800
USA,Worcester,92099860,8615000,683377152,1318388089,2102480101
USA,WV - Other,,1000000,52800000,11610253,65410253
USA,WY - Other,,,,17605984,17605984
USA,Youngstown,49600000,2750,,707000,50309750
USA Total,,111470832118,31787681878,160782908458,365452636365,669494058819
UZB,Tashkent,,,,90000,90000
UZB Total,,,,,90000,90000
VEN,,,,,225198,225198
VEN,COL - Other,,,,2417236,2417236
VEN Total,,,,,2642434,2642434
VNM,,,,,92910000,92910000
VNM,Hanoi,,2600000,,138660000,141260000
VNM,Ho Chi Minh,200000,3500000,,158920509,162620509
VNM,VNM - Other,,,,4390000,4390000
VNM Total,,200000,6100000,,394880509,401180509
ZAF,,,,,0,0
ZAF,Cape Town,45680000,630000,,601017071,647327071
ZAF,Durban,,,,0,0
ZAF,Johannesburg,0,804176.9882,,87680832,88485008.99
ZAF,ZAF - Other,,,,339000000,339000000
ZAF Total,,45680000,1434176.988,,1027697903,1074812080
ZMB,ZMB - Other,,,,520000,520000
ZMB Total,,,,,520000,520000
ZWE,Harare,,,,10030000,10030000
ZWE,ZWE - Other,,,,0,0
ZWE Total,,,,,10030000,10030000
Grand Total,,135523673669,53530705545,209961181618,591123479302,990139040134